{"min_value": 2.4671823051934587, "max_value": 29.07558671944224, "scaling_log_sizes": [2, 3, 4, 5, 6, 7, 8, 9, 10, 11, 12, 13, 14, 15, 16, 17, 18, 19, 20, 21, 22, 23, 24, 25, 26, 27, 28], "scaling_log_box_counts": [[298224, 189816, 137720, 111010, 88608, 85659, 65916, 59357, 57165, 64855, 43859, 40497, 37632, 35169, 33052, 31305, 30033, 29423, 29733, 31230, 35239, 35178, 21901, 21025, 20216, 19467, 18772], [303488, 194588, 141017, 114049, 89693, 88481, 66147, 60436, 59622, 64251, 43836, 40486, 37649, 35224, 33251, 31797, 31016, 31137, 31592, 32592, 34068, 30077, 21900, 21024, 20216, 19467, 18772], [280089, 189027, 140678, 112707, 95027, 80099, 68325, 65432, 57695, 49831, 43908, 40666, 38063, 36168, 35254, 35268, 35239, 33201, 30099, 27497, 25234, 23471, 21907, 21031, 20222, 19470, 18772], [273256, 184372, 137799, 108557, 94239, 76796, 71751, 64342, 52822, 47970, 44139, 41165, 39117, 38046, 38279, 37710, 34106, 29104, 26440, 25081, 23918, 22871, 21900, 21024, 20216, 19467, 18772], [274278, 185131, 137384, 108806, 96008, 76412, 69560, 66358, 54207, 48036, 43910, 40702, 38229, 36596, 36398, 37453, 35897, 31202, 27460, 25395, 24050, 22936, 21900, 21024, 20216, 19467, 18772], [273925, 184319, 138270, 109155, 94044, 76915, 71387, 64243, 53439, 48141, 44094, 41078, 38913, 37875, 38025, 37893, 34081, 29912, 26881, 25274, 24051, 22965, 21905, 21024, 20216, 19467, 18772], [280243, 188311, 141748, 113548, 94429, 80009, 68376, 64897, 58339, 49695, 43893, 40655, 38026, 36159, 35322, 35127, 34774, 33494, 30501, 27531, 25204, 23597, 21902, 21024, 20216, 19467, 18772], [291522, 195401, 142950, 115571, 92657, 86652, 66987, 63334, 60415, 56057, 43829, 40512, 37748, 35583, 34043, 33358, 33425, 33402, 32134, 31406, 29269, 26261, 21902, 21026, 20217, 19468, 18773], [300226, 197943, 143491, 116191, 90005, 90639, 66194, 60620, 61005, 61940, 43850, 40480, 37616, 35204, 33259, 31847, 31129, 31432, 32553, 33753, 33138, 29888, 21926, 21033, 20224, 19470, 18772], [286278, 184111, 138052, 111419, 88755, 81057, 65886, 59519, 57669, 56669, 43804, 40443, 37579, 35121, 33033, 31341, 30180, 29979, 30279, 28485, 29383, 26953, 21900, 21024, 20216, 19467, 18772], [278490, 177678, 142192, 114896, 88266, 76516, 65814, 59024, 59345, 49877, 43803, 40437, 37560, 35075, 32954, 31121, 29764, 29159, 30717, 25850, 25176, 23768, 21900, 21024, 20216, 19467, 18772], [271268, 177094, 138415, 111551, 89533, 75162, 66099, 60284, 57217, 47790, 43813, 40459, 37619, 35221, 33218, 31627, 30846, 30880, 29599, 25030, 23892, 22854, 21901, 21024, 20216, 19467, 18772], [272522, 180723, 138537, 111351, 93044, 75384, 67289, 63656, 57501, 47817, 43858, 40561, 37834, 35706, 34325, 33801, 33805, 32445, 30327, 25029, 23891, 22853, 21900, 21024, 20216, 19467, 18772], [274097, 183523, 138129, 110407, 95540, 75706, 68444, 66013, 56037, 47797, 43873, 40641, 38060, 36207, 35406, 35869, 35738, 32772, 29011, 25060, 23893, 22853, 21900, 21024, 20216, 19467, 18772], [274175, 184873, 137265, 109094, 96673, 75816, 69237, 67110, 54636, 47839, 43907, 40705, 38202, 36605, 36121, 36753, 36648, 31434, 27886, 25045, 23905, 22853, 21900, 21024, 20216, 19467, 18772], [272513, 183385, 137043, 108881, 94621, 76013, 69700, 65106, 54039, 47841, 43944, 40787, 38411, 36973, 36521, 36513, 34900, 30537, 27438, 25029, 23891, 22853, 21900, 21024, 20216, 19467, 18772], [273534, 183911, 137267, 109000, 95712, 75817, 69417, 66193, 54503, 47821, 43910, 40717, 38250, 36607, 36250, 37067, 35906, 30459, 27832, 25029, 23891, 22853, 21900, 21024, 20216, 19467, 18772], [271395, 182715, 135681, 108475, 94741, 75677, 67790, 65186, 54633, 47834, 43904, 40665, 38064, 36095, 34793, 34254, 35116, 31607, 27998, 25044, 23891, 22853, 21900, 21024, 20216, 19467, 18772], [270997, 179917, 137909, 111004, 92122, 75496, 67180, 62725, 57326, 47821, 43887, 40607, 37931, 35784, 34240, 33430, 33006, 32668, 30256, 25029, 23891, 22853, 21900, 21024, 20216, 19467, 18772], [269769, 178829, 136947, 110163, 91034, 75450, 66842, 61677, 56492, 47832, 43894, 40624, 37892, 35666, 33908, 32522, 32063, 31266, 29483, 25029, 23891, 22853, 21900, 21024, 20216, 19467, 18772], [267134, 176887, 135033, 108585, 89308, 75128, 65930, 60033, 55420, 47791, 43812, 40451, 37582, 35152, 33058, 31405, 30643, 30444, 28588, 25029, 23891, 22853, 21900, 21024, 20216, 19467, 18772], [265675, 176168, 133780, 107309, 88606, 75120, 65831, 59361, 54317, 47786, 43811, 40445, 37575, 35096, 32971, 31200, 30053, 30331, 27665, 25029, 23891, 22853, 21900, 21024, 20216, 19467, 18772], [263536, 175586, 131769, 105452, 87998, 75090, 65711, 58784, 52787, 47782, 43800, 40433, 37547, 35043, 32861, 30948, 29532, 29369, 26426, 25029, 23891, 22853, 21900, 21024, 20216, 19467, 18772], [266538, 179157, 131611, 105303, 90873, 75091, 65723, 61071, 52680, 47787, 43805, 40436, 37548, 35046, 32873, 30993, 30919, 29099, 26361, 25029, 23891, 22853, 21900, 21024, 20216, 19467, 18772], [294402, 177473, 164184, 136037, 89709, 75157, 65990, 60368, 75812, 47785, 43813, 40459, 37615, 35205, 33120, 31457, 30826, 34410, 41958, 25029, 23891, 22853, 21900, 21024, 20216, 19467, 18772], [286271, 181651, 152327, 124311, 93514, 75518, 67464, 63943, 67085, 47823, 43859, 40593, 37918, 35792, 34482, 33741, 33837, 34631, 36583, 25065, 23906, 22856, 21900, 21024, 20216, 19467, 18772], [291142, 183541, 155459, 127189, 95216, 75530, 67597, 65363, 68710, 47814, 43859, 40620, 37953, 35901, 34571, 34081, 34944, 36578, 37264, 25033, 23891, 22853, 21900, 21024, 20216, 19467, 18772], [284201, 182197, 149295, 121356, 94232, 75436, 67402, 64620, 64846, 47807, 43864, 40582, 37872, 35766, 34397, 34057, 34403, 34880, 35133, 25029, 23891, 22853, 21900, 21024, 20216, 19467, 18772], [283441, 184458, 147554, 119293, 95844, 75824, 68802, 66073, 62675, 47838, 43941, 40723, 38254, 36524, 35727, 35644, 35600, 34936, 33642, 25030, 23891, 22853, 21900, 21024, 20216, 19467, 18772], [280955, 183611, 144328, 116500, 95322, 75512, 67578, 65430, 60881, 47807, 43863, 40581, 37949, 35891, 34583, 34251, 34948, 34685, 32355, 25036, 23898, 22853, 21900, 21024, 20216, 19467, 18772], [279547, 179090, 146165, 118894, 91229, 75165, 66129, 61739, 62980, 47785, 43804, 40454, 37613, 35213, 33246, 31742, 31913, 33455, 33530, 25029, 23891, 22853, 21900, 21024, 20216, 19467, 18772], [273320, 179609, 138354, 111368, 91368, 75211, 66133, 61669, 56965, 47792, 43829, 40487, 37663, 35235, 33246, 31820, 31644, 33403, 29274, 25029, 23891, 22853, 21900, 21024, 20216, 19467, 18772], [276434, 177647, 142543, 115403, 89693, 75090, 65740, 60189, 59898, 47782, 43800, 40431, 37547, 35049, 32887, 31110, 30479, 38841, 31101, 25029, 23891, 22853, 21900, 21024, 20216, 19467, 18772], [275806, 177315, 142210, 115038, 89441, 75095, 65771, 59980, 59618, 47782, 43800, 40433, 37551, 35062, 32916, 31117, 30339, 37811, 30900, 25029, 23891, 22853, 21900, 21024, 20216, 19467, 18772], [273996, 177363, 140647, 113706, 89553, 75095, 65801, 60133, 58728, 47782, 43801, 40434, 37550, 35064, 32938, 31177, 30513, 37876, 30391, 25029, 23891, 22853, 21900, 21024, 20216, 19467, 18772], [274446, 180069, 138797, 111771, 91946, 75172, 66147, 62265, 57255, 47785, 43807, 40457, 37620, 35237, 33270, 31920, 32236, 35512, 29429, 25029, 23891, 22853, 21900, 21024, 20216, 19467, 18772], [276991, 187245, 136353, 108504, 97483, 75568, 68411, 67107, 54255, 47801, 43880, 40626, 38015, 36154, 35341, 35507, 35832, 30325, 27490, 25029, 23891, 22853, 21900, 21024, 20216, 19467, 18772], [273894, 184740, 136391, 107569, 94546, 75996, 70475, 64376, 52826, 47816, 43937, 40747, 38412, 37084, 37255, 38214, 33718, 28126, 26478, 25029, 23891, 22853, 21900, 21024, 20216, 19467, 18772], [5323, 3620, 2577, 2040, 1874, 1451, 1314, 1280, 1010, 919, 841, 779, 731, 694, 680, 712, 668, 531, 504, 480, 459, 439, 420, 404, 388, 374, 360]],