{"min_value": 2.4671823051934587, "max_value": 29.07558671944224, "scaling_log_sizes": [2, 4, 8, 16, 32, 64], "scaling_log_box_counts": [[122382, 56962, 27163, 13653, 6750, 3375], [123076, 56487, 27038, 13536, 6750, 3375], [125588, 55729, 27027, 13523, 6750, 3375], [125455, 57855, 27236, 13712, 6750, 3375], [120919, 59730, 27252, 13728, 6750, 3375], [117243, 59001, 27621, 14051, 6750, 3375], [113394, 56627, 28272, 14678, 6750, 3375], [112356, 56859, 29621, 15859, 6750, 3375], [112398, 56492, 29323, 15594, 6750, 3375], [112294, 56300, 29164, 15458, 6750, 3375], [113190, 57052, 28614, 14974, 6750, 3375], [112403, 56032, 28387, 14786, 6750, 3375], [112212, 56966, 29591, 15842, 6750, 3375], [112274, 56354, 29065, 15394, 6750, 3375], [113042, 57233, 29484, 15760, 6750, 3375], [115064, 58222, 27735, 14188, 6750, 3375], [116198, 58636, 27963, 14390, 6750, 3375], [118311, 58949, 27712, 14155, 6750, 3375], [120394, 58249, 27358, 13834, 6750, 3375], [121497, 60002, 27472, 13938, 6750, 3375], [123577, 58439, 27046, 13541, 6750, 3375], [124637, 58487, 27201, 13641, 6750, 3375], [116811, 58226, 27132, 13631, 6750, 3375], [112338, 55998, 27049, 13547, 6750, 3375], [121631, 55480, 27005, 13505, 6750, 3375], [115966, 61280, 27068, 13562, 6750, 3375], [112138, 57671, 27044, 13540, 6750, 3375], [111246, 56878, 27030, 13528, 6750, 3375], [110788, 56102, 27325, 13804, 6750, 3375], [111512, 56613, 27310, 13786, 6750, 3375], [112030, 57192, 27708, 14158, 6750, 3375], [112344, 56466, 28039, 14457, 6750, 3375], [112995, 57245, 27799, 14258, 6750, 3375], [112527, 56730, 28402, 14800, 6750, 3375], [112871, 56274, 28440, 14854, 6750, 3375], [112442, 56505, 28607, 14961, 6750, 3375], [112083, 55812, 27931, 14372, 6750, 3375], [112277, 56640, 28223, 14629, 6750, 3375], [112068, 56660, 29598, 15867, 6750, 3375], [112166, 55995, 28459, 14835, 6750, 3375], [112777, 57018, 28644, 15002, 6750, 3375], [111806, 55689, 27830, 14265, 6750, 3375], [111552, 55608, 28021, 14451, 6750, 3375], [111699, 56320, 27828, 14265, 6750, 3375], [111632, 57193, 27404, 13889, 6750, 3375], [111199, 56307, 27914, 14353, 6750, 3375], [111072, 56701, 27382, 13842, 6750, 3375], [110727, 55777, 27661, 14125, 6750, 3375], [110638, 56424, 27154, 13642, 6750, 3375], [109231, 54967, 27065, 13559, 6750, 3375], [110023, 55679, 27141, 13626, 6750, 3375], [109373, 55230, 27040, 13541, 6750, 3375], [109069, 54839, 27085, 13576, 6750, 3375], [109045, 54687, 27023, 13521, 6750, 3375], [108173, 54003, 27003, 13503, 6750, 3375], [108081, 54004, 27004, 13503, 6750, 3375], [108021, 54000, 27000, 13500, 6750, 3375], [111667, 54201, 27015, 13515, 6750, 3375], [116819, 63083, 27155, 13644, 6750, 3375], [123002, 69509, 27076, 13566, 6750, 3375], [117906, 64376, 27073, 13574, 6750, 3375], [117658, 62551, 27716, 14154, 6750, 3375], [116235, 61046, 27844, 14294, 6750, 3375], [118663, 63477, 27666, 14127, 6750, 3375], [120662, 64109, 28128, 14498, 6750, 3375], [118722, 63590, 27441, 13895, 6750, 3375], [118002, 62742, 27583, 14025, 6750, 3375], [115576, 60089, 27812, 14249, 6750, 3375], [118381, 61907, 28472, 14858, 6750, 3375], [115027, 59741, 27797, 14254, 6750, 3375], [117102, 61037, 28300, 14704, 6750, 3375], [115395, 59576, 27817, 14246, 6750, 3375], [114512, 57924, 27761, 14200, 6750, 3375], [111454, 56839, 27243, 13725, 6750, 3375], [118469, 63553, 27161, 13647, 6750, 3375], [113821, 58755, 27044, 13541, 6750, 3375], [110218, 54626, 27121, 13615, 6750, 3375], [114385, 58950, 27294, 13765, 6750, 3375], [113694, 58455, 27034, 13532, 6750, 3375], [113315, 58194, 27005, 13504, 6750, 3375], [113532, 58897, 27045, 13543, 6750, 3375], [111611, 56318, 27026, 13523, 6750, 3375], [115884, 61574, 27000, 13500, 6750, 3375], [111900, 57603, 27004, 13503, 6750, 3375], [112463, 56882, 27083, 13574, 6750, 3375], [113150, 58204, 27049, 13545, 6750, 3375], [111354, 55067, 27165, 13658, 6750, 3375], [114284, 57703, 27452, 13919, 6750, 3375], [113186, 55637, 28124, 14519, 6750, 3375], [114058, 55969, 28343, 14745, 6750, 3375], [112572, 56101, 28972, 15323, 6750, 3375], [112262, 56071, 29115, 15438, 6750, 3375], [58145, 28639, 14641, 7660, 3465, 1733]], "scaling_log_sample_times": ["1986-01-01", "1986-05-31", "1986-10-28", "1987-03-27", "1987-08-24", "1988-01-21", "1988-06-19", "1988-11-16", "1989-04-15", "1989-09-12", "1990-02-09", "1990-07-09", "1990-12-06", "1991-05-05", "1991-10-02", "1992-02-29", "1992-07-28", "1992-12-25", "1993-05-24", "1993-10-21", "1994-03-20", "1994-08-17", "1995-01-14", "1995-06-13", "1995-11-10", "1996-04-08", "1996-09-05", "1997-02-02", "1997-07-02", "1997-11-29", "1998-04-28", "1998-09-25", "1999-02-22", "1999-07-22", "1999-12-19", "2000-05-17", "2000-10-14", "2001-03-13", "2001-08-10", "2002-01-07", "2002-06-06", "2002-11-03", "2003-04-02", "2003-08-30", "2004-01-27", "2004-06-25", "2004-11-22", "2005-04-21", "2005-09-18", "2006-02-15", "2006-07-15", "2006-12-12", "2007-05-11", "2007-10-08", "2008-03-06", "2008-08-03", "2008-12-31", "2009-05-30", "2009-10-27", "2010-03-26", "2010-08-23", "2011-01-20", "2011-06-19", "2011-11-16", "2012-04-15", "2012-09-12", "2013-02-09", "2013-07-09", "2013-12-06", "2014-05-05", "2014-10-02", "2015-03-01", "2015-07-29", "2015-12-26", "2016-05-25", "2016-10-22", "2017-03-21", "2017-08-18", "2018-01-15", "2018-06-14", "2018-11-11", "2019-04-10", "2019-09-07", "2020-02-04", "2020-07-03", "2020-11-30", "2021-04-29", "2021-09-26", "2022-02-23", "2022-07-23", "2022-12-20", "2023-05-19", "2023-10-16"], "scaling_log_FD": [1.032152753213899, 1.0324473181585994, 1.034963693071443, 1.039120452343725, 1.0354507943057412, 1.0271652892760597, 1.014367873884904, 1.0117095937642755, 1.011263669826888, 1.0107888326570882, 1.0145940474732715, 1.011117698859874, 1.011680209760616, 1.0109015252414948, 1.0138418890829843, 1.0214250727843133, 1.0240772579441468, 1.0287567827458552, 1.0312921983912269, 1.0367011093263054, 1.0374826263665975, 1.0392767295604122, 1.0252840124481437, 1.012540659875832, 1.0278330388229184, 1.030221196411649, 1.0158274390704884, 1.0124845053497549, 1.0095504303928777, 1.0120453024336813, 1.0137575991503267, 1.0123827026747778, 1.0154848661974323, 1.0128586340097454, 1.0123947157010484, 1.0120619291825743, 1.0105467149002698, 1.0124223232482266, 1.0106942650200725, 1.0105690409524837, 1.0137331429440322, 1.0099226170205, 1.0090218165119698, 1.0111156013388745, 1.0133622269651352, 1.010036105929181, 1.0113639727745491, 1.0082746846670034, 1.0102067579574407, 1.004450052021191, 1.0074429318934242, 1.005324732699285, 1.0038346624652215, 1.0035189449094442, 1.0003321669602674, 1.0001606234039655, 1.000040070966585, 1.0073182086076142, 1.0352012838111584, 1.0579426479461496, 1.039706530150213, 1.034959153999457, 1.0292238586540126, 1.0385336231077622, 1.0428158861834917, 1.0392019620065378, 1.0361169981590277, 1.0261806857602451, 1.0340504146275624, 1.0244444126116878, 1.03024112405108, 1.0248135004745489, 1.0198031848859743, 1.0125122897300098, 1.039009903956454, 1.0211973762500317, 1.0054497494791808, 1.0223288360612477, 1.0203464292831743, 1.0191460127297318, 1.0209673475795602, 1.0119452110166403, 1.0307524581884862, 1.0152954400434089, 1.0146764461230726, 1.0188090833277152, 1.0084942565693307, 1.0192822022400216, 1.012041040751543, 1.0140415422922735, 1.0109498665967835, 1.0102101344629983, 1.0119233504782146]}